-- Inserindo registros na tabela INVESTIDOR
INSERT INTO INVESTIDOR (TIPO, NOME, TELEFONE, EMAIL) VALUES ('Anjo', 'João Silva', '+55 (31)99176-9087', 'joao.silva@gmail.com');
INSERT INTO INVESTIDOR (TIPO, NOME, TELEFONE, EMAIL) VALUES ('Venture Capital', 'Maria Oliveira', '+55 (21)99246-9187', 'maria.oliveira@hotmail.com');
INSERT INTO INVESTIDOR (TIPO, NOME, TELEFONE, EMAIL) VALUES ('Anjo', 'Pedro Santos', '+55 (31)99572-9087', 'pedro.santos@gmail.com');
INSERT INTO INVESTIDOR (TIPO, NOME, TELEFONE, EMAIL) VALUES ('Venture Capital', 'Ana Lima', '+55 (41)99026-9087', 'ana.lima@hotmail.com');
INSERT INTO INVESTIDOR (TIPO, NOME, TELEFONE, EMAIL) VALUES ('Anjo', 'Carlos Sousa', '+55 (51)99326-9087', 'carlos.sousa@gmail.com');
INSERT INTO INVESTIDOR (TIPO, NOME, TELEFONE, EMAIL) VALUES ('Venture Capital', 'Lucia Pereira', '+55 (61)99772-9087', 'lucia.pereira@hotmail.com');
INSERT INTO INVESTIDOR (TIPO, NOME, TELEFONE, EMAIL) VALUES ('Anjo', 'José Costa', '+55 (21)99176-3080', 'jose.costa@gmail.com');
INSERT INTO INVESTIDOR (TIPO, NOME, TELEFONE, EMAIL) VALUES ('Venture Capital', 'Fernanda Almeida', '+55 (81)99176-4057', 'fernanda.almeida@hotmail.com');
INSERT INTO INVESTIDOR (TIPO, NOME, TELEFONE, EMAIL) VALUES ('Anjo', 'Roberto Ferreira', '+55 (92)99121-9087', 'roberto.ferreira@gmail.com');
INSERT INTO INVESTIDOR (TIPO, NOME, TELEFONE, EMAIL) VALUES ('Venture Capital', 'Patrícia Silva', '+55 (62)99176-9087', 'patricia.silva@hotmail.com');

-- Inserindo registros na tabela CLIENTE
INSERT INTO CLIENTE (TIPO, NOME, TELEFONE, EMAIL, ENDERECO, UF) VALUES ('Pessoa', 'Tech Solutions', '+55 (31)99176-9087', 'tech.solutions@gmail.com', 'Rua A, 100', "MG");
INSERT INTO CLIENTE (TIPO, NOME, TELEFONE, EMAIL, ENDERECO, UF) VALUES ('Empresa', 'Health Corp', '+55 (21)93216-9187', 'health.corp@hotmail.com', 'Rua B, 200', 'RJ');
INSERT INTO CLIENTE (TIPO, NOME, TELEFONE, EMAIL, ENDERECO, UF) VALUES ('Pessoa', 'Educa Mais', '+55 (31)99242-9087', 'educa.mais@gmail.com', 'Rua C, 300,', 'MG');
INSERT INTO CLIENTE (TIPO, NOME, TELEFONE, EMAIL, ENDERECO, UF) VALUES ('Empresa', 'AgroTech', '+55 (41)99124-9387', 'agro.tech@hotmail.com', 'Rua D, 400', 'PR');
INSERT INTO CLIENTE (TIPO, NOME, TELEFONE, EMAIL, ENDERECO, UF) VALUES ('Pessoa', 'BuildIt', '+55 (51)99346-1037', 'build.it@gmail.com', 'Rua E, 500', 'RS');
INSERT INTO CLIENTE (TIPO, NOME, TELEFONE, EMAIL, ENDERECO, UF) VALUES ('Empresa', 'Green Energy', '+55 (61)99632-9087', 'green.energy@hotmail.com', 'Rua F, 600', 'DF');
INSERT INTO CLIENTE (TIPO, NOME, TELEFONE, EMAIL, ENDERECO, UF) VALUES ('Pessoa', 'Travel Co', '+55 (21)99126-3280', 'travel.co@gmail.com', 'Rua G, 700', 'RJ');
INSERT INTO CLIENTE (TIPO, NOME, TELEFONE, EMAIL, ENDERECO, UF) VALUES ('Empresa', 'Foodies', '+55 (81)99136-4053', 'foodies@hotmail.com', 'Rua H, 800', 'PE');
INSERT INTO CLIENTE (TIPO, NOME, TELEFONE, EMAIL, ENDERECO, UF) VALUES ('Pessoa', 'FitLife', '+55 (92)99161-9067', 'fit.life@gmail.com', 'Rua I, 900', 'AM');
INSERT INTO CLIENTE (TIPO, NOME, TELEFONE, EMAIL, ENDERECO, UF) VALUES ('Empresa', 'AutoTech', '+55 (62)99176-9187', 'auto.tech@hotmail.com', 'Rua J, 1000', 'GO');

-- Inserindo registros na tabela PROJETOS
INSERT INTO PROJETOS (NOME, TIPO, NECESSIDADE_INVESTIMENTO, VALOR_TOTAL) VALUES ('Projeto Alpha', 'Tecnologia', 'Desenvolvimento de software', 500000.00);
INSERT INTO PROJETOS (NOME, TIPO, NECESSIDADE_INVESTIMENTO, VALOR_TOTAL) VALUES ('Projeto Beta', 'Saúde', 'Equipamentos médicos', 1000000.00);
INSERT INTO PROJETOS (NOME, TIPO, NECESSIDADE_INVESTIMENTO, VALOR_TOTAL) VALUES ('Projeto Gamma', 'Educação', 'Plataforma de ensino', 300000.00);
INSERT INTO PROJETOS (NOME, TIPO, NECESSIDADE_INVESTIMENTO, VALOR_TOTAL) VALUES ('Projeto Delta', 'Agronegócio', 'Tecnologia agrícola', 750000.00);
INSERT INTO PROJETOS (NOME, TIPO, NECESSIDADE_INVESTIMENTO, VALOR_TOTAL) VALUES ('Projeto Epsilon', 'Construção', 'Materiais sustentáveis', 850000.00);
INSERT INTO PROJETOS (NOME, TIPO, NECESSIDADE_INVESTIMENTO, VALOR_TOTAL) VALUES ('Projeto Zeta', 'Energia', 'Fontes renováveis', 950000.00);
INSERT INTO PROJETOS (NOME, TIPO, NECESSIDADE_INVESTIMENTO, VALOR_TOTAL) VALUES ('Projeto Eta', 'Turismo', 'Inovação em viagens', 400000.00);
INSERT INTO PROJETOS (NOME, TIPO, NECESSIDADE_INVESTIMENTO, VALOR_TOTAL) VALUES ('Projeto Theta', 'Alimentação', 'Tecnologia alimentar', 600000.00);
INSERT INTO PROJETOS (NOME, TIPO, NECESSIDADE_INVESTIMENTO, VALOR_TOTAL) VALUES ('Projeto Iota', 'Esportes', 'Equipamentos fitness', 200000.00);
INSERT INTO PROJETOS (NOME, TIPO, NECESSIDADE_INVESTIMENTO, VALOR_TOTAL) VALUES ('Projeto Kappa', 'Automotivo', 'Veículos autônomos', 1200000.00);

-- Inserindo registros na tabela INVESTIDOR_CLIENTE
INSERT INTO INVESTIDOR_CLIENTE (FK_INVESTIDOR_ID, FK_CLIENTE_ID) VALUES (1, 1);
INSERT INTO INVESTIDOR_CLIENTE (FK_INVESTIDOR_ID, FK_CLIENTE_ID) VALUES (2, 2);
INSERT INTO INVESTIDOR_CLIENTE (FK_INVESTIDOR_ID, FK_CLIENTE_ID) VALUES (3, 3);
INSERT INTO INVESTIDOR_CLIENTE (FK_INVESTIDOR_ID, FK_CLIENTE_ID) VALUES (4, 4);
INSERT INTO INVESTIDOR_CLIENTE (FK_INVESTIDOR_ID, FK_CLIENTE_ID) VALUES (5, 5);
INSERT INTO INVESTIDOR_CLIENTE (FK_INVESTIDOR_ID, FK_CLIENTE_ID) VALUES (6, 6);
INSERT INTO INVESTIDOR_CLIENTE (FK_INVESTIDOR_ID, FK_CLIENTE_ID) VALUES (7, 7);
INSERT INTO INVESTIDOR_CLIENTE (FK_INVESTIDOR_ID, FK_CLIENTE_ID) VALUES (8, 8);
INSERT INTO INVESTIDOR_CLIENTE (FK_INVESTIDOR_ID, FK_CLIENTE_ID) VALUES (9, 9);
INSERT INTO INVESTIDOR_CLIENTE (FK_INVESTIDOR_ID, FK_CLIENTE_ID) VALUES (10, 10);

-- Inserindo registros na tabela INVESTIDOR_PROJETO
INSERT INTO INVESTIDOR_PROJETO (FK_INVESTIDOR_ID, FK_PROJETOS_COD, VALOR_NEGOCIADO, DATA) VALUES (1, 1, 100000.00, '2024-01-15');
INSERT INTO INVESTIDOR_PROJETO (FK_INVESTIDOR_ID, FK_PROJETOS_COD, VALOR_NEGOCIADO, DATA) VALUES (2, 2, 200000.00, '2024-02-20');
INSERT INTO INVESTIDOR_PROJETO (FK_INVESTIDOR_ID, FK_PROJETOS_COD, VALOR_NEGOCIADO, DATA) VALUES (3, 3, 150000.00, '2024-03-10');
INSERT INTO INVESTIDOR_PROJETO (FK_INVESTIDOR_ID, FK_PROJETOS_COD, VALOR_NEGOCIADO, DATA) VALUES (4, 4, 250000.00, '2024-04-25');
INSERT INTO INVESTIDOR_PROJETO (FK_INVESTIDOR_ID, FK_PROJETOS_COD, VALOR_NEGOCIADO, DATA) VALUES (5, 5, 300000.00, '2024-05-05');
INSERT INTO INVESTIDOR_PROJETO (FK_INVESTIDOR_ID, FK_PROJETOS_COD, VALOR_NEGOCIADO, DATA) VALUES (6, 6, 350000.00, '2024-06-15');
INSERT INTO INVESTIDOR_PROJETO (FK_INVESTIDOR_ID, FK_PROJETOS_COD, VALOR_NEGOCIADO, DATA) VALUES (7, 7, 400000.00, '2024-07-20');
INSERT INTO INVESTIDOR_PROJETO (FK_INVESTIDOR_ID, FK_PROJETOS_COD, VALOR_NEGOCIADO, DATA) VALUES (8, 8, 450000.00, '2024-08-25');
INSERT INTO INVESTIDOR_PROJETO (FK_INVESTIDOR_ID, FK_PROJETOS_COD, VALOR_NEGOCIADO, DATA) VALUES (9, 9, 500000.00, '2024-09-30');
INSERT INTO INVESTIDOR_PROJETO (FK_INVESTIDOR_ID, FK_PROJETOS_COD, VALOR_NEGOCIADO, DATA) VALUES (10, 10, 550000.00, '2024-10-10');

-- Inserindo registros na tabela CLIENTE_PROJETO
INSERT INTO CLIENTE_PROJETO (FK_CLIENTE_ID, FK_PROJETOS_COD) VALUES (1, 1);
INSERT INTO CLIENTE_PROJETO (FK_CLIENTE_ID, FK_PROJETOS_COD) VALUES (2, 2);
INSERT INTO CLIENTE_PROJETO (FK_CLIENTE_ID, FK_PROJETOS_COD) VALUES (3, 3);
INSERT INTO CLIENTE_PROJETO (FK_CLIENTE_ID, FK_PROJETOS_COD) VALUES (4, 4);
INSERT INTO CLIENTE_PROJETO (FK_CLIENTE_ID, FK_PROJETOS_COD) VALUES (5, 5);
INSERT INTO CLIENTE_PROJETO (FK_CLIENTE_ID, FK_PROJETOS_COD) VALUES (6, 6);
INSERT INTO CLIENTE_PROJETO (FK_CLIENTE_ID, FK_PROJETOS_COD) VALUES (7, 7);
INSERT INTO CLIENTE_PROJETO (FK_CLIENTE_ID, FK_PROJETOS_COD) VALUES (8, 8);
INSERT INTO CLIENTE_PROJETO (FK_CLIENTE_ID, FK_PROJETOS_COD) VALUES (9, 9);
INSERT INTO CLIENTE_PROJETO (FK_CLIENTE_ID, FK_PROJETOS_COD) VALUES (10, 10);

-- Inserindo registros na tabela CHAT
INSERT INTO CHAT (FK_INVESTIDOR_ID, FK_CLIENTE_ID, ARMAZENAR) VALUES (1, 1, 'Primeira conversa sobre o projeto Alpha.');
INSERT INTO CHAT (FK_INVESTIDOR_ID, FK_CLIENTE_ID, ARMAZENAR) VALUES (2, 2, 'Discussão inicial sobre o projeto Beta.');
INSERT INTO CHAT (FK_INVESTIDOR_ID, FK_CLIENTE_ID, ARMAZENAR) VALUES (3, 3, 'Reunião sobre o projeto Gamma.');
INSERT INTO CHAT (FK_INVESTIDOR_ID, FK_CLIENTE_ID, ARMAZENAR) VALUES (4, 4, 'Primeiros passos no projeto Delta.');
INSERT INTO CHAT (FK_INVESTIDOR_ID, FK_CLIENTE_ID, ARMAZENAR) VALUES (5, 5, 'Negociações para o projeto Epsilon.');
INSERT INTO CHAT (FK_INVESTIDOR_ID, FK_CLIENTE_ID, ARMAZENAR) VALUES (6, 6, 'Detalhes do projeto Zeta.');
INSERT INTO CHAT (FK_INVESTIDOR_ID, FK_CLIENTE_ID, ARMAZENAR) VALUES (7, 7, 'Proposta inicial do projeto Eta.');
INSERT INTO CHAT (FK_INVESTIDOR_ID, FK_CLIENTE_ID, ARMAZENAR) VALUES (8, 8, 'Planejamento do projeto Theta.');
INSERT INTO CHAT (FK_INVESTIDOR_ID, FK_CLIENTE_ID, ARMAZENAR) VALUES (9, 9, 'Considerações sobre o projeto Iota.');
INSERT INTO CHAT (FK_INVESTIDOR_ID, FK_CLIENTE_ID, ARMAZENAR) VALUES (10, 10, 'Discussão sobre o projeto Kappa.');
